label,message
spam,URGENT! Your account has been suspended. Verify now at bit.ly/claim-now to avoid deactivation.
ham,"I reached home safely, thanks for dropping me."
ham,"Just checking in, how have you been?"
spam,Limited time offer! Get 70% off on all products. Shop now: tinyurl.com/win-prize
ham,Great job on the presentation today!
ham,"Let's catch up this weekend, it's been a while."
ham,Do you want to grab coffee tomorrow?
ham,"I left my charger at your place, can I pick it up?"
ham,Great job on the presentation today!
ham,Can you pick up milk on your way home?
ham,"Aman, are you coming to the party on Saturday?"
ham,"I'll be there in 18 minutes, traffic is bad."
spam,You've been chosen to receive a free iPhone 15. Reply YES to claim your gift now.
ham,I'll send the report by end of day.
ham,How was your exam? Hope it went well.
ham,Don't forget the meeting tomorrow at 8am.
ham,"The weather looks nice today, want to go for a walk?"
ham,I'll send the report by end of day.
ham,"The weather looks nice today, want to go for a walk?"
ham,Can you send me your address again?
ham,I'll send the report by end of day.
ham,"Just checking in, how have you been?"
ham,Let me know once you land at the airport.
ham,"Ravi, thanks for helping me yesterday, really appreciate it."
ham,"I'm running late, start without me."
ham,"I'm running late, start without me."
ham,"I finished the assignment, sending it to you now."
spam,You have been selected for a FREE laptop!! Call 08001234567 now to claim your prize.
ham,"Rahul, i'll be there in 2 minutes, traffic is bad."
ham,"Please call me when you're free, nothing urgent."
ham,What time does the movie start tonight?
ham,I'll send the report by end of day.
ham,Mom said dinner will be ready by 7:15pm.
ham,"I'll be there in 29 minutes, traffic is bad."
ham,"Priya, just checking in, how have you been?"
ham,Happy birthday! Hope you have a great day.
ham,"Rahul, please send me the notes from today's class."
ham,See you at the gym at 6pm?
ham,"Just checking in, how have you been?"
ham,Can we reschedule our call to 9am?
spam,You have an unclaimed refund of Rs.5000. Claim it now before it expires: offer-link.co
ham,"John, i'll be there in 3 minutes, traffic is bad."
ham,"Hey, are we still meeting at 10:30am today?"
ham,"Ravi, how was your exam? Hope it went well."
spam,"Congrats! You are pre-approved for a credit card with Rs.1,00,000 limit. Apply: offer-link.co"
ham,Can you help me move some boxes this weekend?
ham,"I watched that movie you recommended, it was great."
spam,FREE entry into our 50000 weekly prize draw just by texting WIN to 08001234567.
ham,"Priya, mom said dinner will be ready by 7:15pm."
ham,"I watched that movie you recommended, it was great."
ham,"I reached home safely, thanks for dropping me."
ham,Can you send me your address again?
spam,Your parcel could not be delivered. Pay Rs.5000 customs fee here: offer-link.co
ham,Please send me the notes from today's class.
ham,"John, can we reschedule our call to 10:30am?"
ham,See you at the gym at 5pm?
spam,"Congrats! You are pre-approved for a credit card with Rs.1,00,000 limit. Apply: get-reward.net"
ham,Happy birthday! Hope you have a great day.
ham,"Please call me when you're free, nothing urgent."
ham,"Let's catch up this weekend, it's been a while."
ham,"I'm running late, start without me."
ham,"I'm running late, start without me."
ham,"John, i'll be there in 24 minutes, traffic is bad."
ham,Do you want to grab coffee tomorrow?
ham,"Sara, i'll send the report by end of day."
ham,"The weather looks nice today, want to go for a walk?"
ham,Don't forget the meeting tomorrow at 10:30am.
ham,How was your exam? Hope it went well.
ham,Please send me the notes from today's class.
ham,How was your exam? Hope it went well.
ham,"John, do you want to grab coffee tomorrow?"
spam,FINAL NOTICE: Your subscription payment failed. Update details at offer-link.co immediately.
spam,"Congratulations! You have WON a holiday package worth Rs.1,00,000. Click here to claim now: tinyurl.com/win-prize"
ham,"Thanks for helping me yesterday, really appreciate it."
ham,"Let's catch up this weekend, it's been a while."
ham,Don't forget the meeting tomorrow at 5pm.
ham,Can you help me move some boxes this weekend?
ham,"Rahul, congrats on the new job! So happy for you."
spam,You've been chosen to receive a free holiday package. Reply YES to claim your gift now.
spam,Your number has been randomly selected to win an iPhone! Claim at offer-link.co
ham,Do you want to grab coffee tomorrow?
spam,You've been chosen to receive a free holiday package. Reply YES to claim your gift now.
ham,"Anjali, do you want to grab coffee tomorrow?"
ham,"Just checking in, how have you been?"
spam,Act now! Investment opportunity guaranteed to double your money in 38 days.
ham,"The weather looks nice today, want to go for a walk?"
ham,The project deadline got extended to next Monday.
ham,How was your exam? Hope it went well.
ham,"Hey, are we still meeting at 9am today?"
ham,"Sara, thanks for helping me yesterday, really appreciate it."
ham,"Ravi, let's catch up this weekend, it's been a while."
ham,"I left my charger at your place, can I pick it up?"
ham,"John, how was your exam? Hope it went well."
ham,"Aman, the weather looks nice today, want to go for a walk?"
ham,"Anjali, great job on the presentation today!"
ham,Can you send me your address again?
ham,See you at the gym at noon?
ham,"Anjali, the project deadline got extended to next Wednesday."
spam,Congrats! You are pre-approved for a credit card with Rs.50000 limit. Apply: tinyurl.com/win-prize
ham,"I'll be there in 43 minutes, traffic is bad."
ham,"Hey, are we still meeting at noon today?"
ham,Don't forget the meeting tomorrow at 9am.
spam,Hot singles in your area want to chat with you now! Click get-reward.net
ham,"The weather looks nice today, want to go for a walk?"
ham,"John, are you coming to the party on Saturday?"
ham,Are you coming to the party on Saturday?
ham,"Meera, are you coming to the party on Saturday?"
ham,Can you pick up milk on your way home?
ham,"I'm running late, start without me."
ham,See you at the gym at 7:15pm?
ham,"John, can we reschedule our call to 5pm?"
ham,"Hey, are we still meeting at noon today?"
spam,Cash prize of Rs.2500 is waiting for you! Click get-reward.net to claim instantly.
spam,FINAL NOTICE: Your subscription payment failed. Update details at offer-link.co immediately.
ham,Congrats on the new job! So happy for you.
ham,"Meera, see you at the gym at 6pm?"
ham,"Aman, do you want to grab coffee tomorrow?"
ham,Can you pick up milk on your way home?
ham,"I reached home safely, thanks for dropping me."
ham,"Aman, can you pick up milk on your way home?"
ham,Happy birthday! Hope you have a great day.
ham,How was your exam? Hope it went well.
spam,You have been selected for a FREE smartwatch!! Call 08001234567 now to claim your prize.
ham,"Aman, don't forget the meeting tomorrow at 6pm."
ham,"Anjali, i'll send the report by end of day."
ham,"I'll be there in 35 minutes, traffic is bad."
ham,"I finished the assignment, sending it to you now."
ham,Congrats on the new job! So happy for you.
ham,The project deadline got extended to next Friday.
ham,"Priya, hey, are we still meeting at 9am today?"
ham,Do you want to grab coffee tomorrow?
ham,Let me know once you land at the airport.
ham,What time does the movie start tonight?
ham,"Priya, please call me when you're free, nothing urgent."
ham,"Ravi, i finished the assignment, sending it to you now."
ham,Don't forget the meeting tomorrow at 9am.
ham,"Just checking in, how have you been?"
ham,"Meera, how was your exam? Hope it went well."
ham,Congrats on the new job! So happy for you.
ham,"Sara, let's catch up this weekend, it's been a while."
ham,Great job on the presentation today!
ham,What time does the movie start tonight?
ham,"Ravi, mom said dinner will be ready by noon."
spam,Congrats! You are pre-approved for a credit card with Rs.10000 limit. Apply: get-reward.net
ham,"Please call me when you're free, nothing urgent."
ham,"Aman, i left my charger at your place, can I pick it up?"
ham,Don't forget the meeting tomorrow at noon.
ham,Are you coming to the party on Saturday?
spam,FREE entry into our 2500 weekly prize draw just by texting WIN to 09876543210.
ham,"Priya, do you want to grab coffee tomorrow?"
ham,"Sara, i watched that movie you recommended, it was great."
ham,"Meera, can we reschedule our call to 9am?"
ham,"Priya, i watched that movie you recommended, it was great."
ham,Can you pick up milk on your way home?
spam,Congrats! You are pre-approved for a credit card with Rs.50000 limit. Apply: tinyurl.com/win-prize
ham,"I'm running late, start without me."
spam,You have been selected for a FREE cash reward!! Call 09876543210 now to claim your prize.
ham,What time does the movie start tonight?
ham,"Please call me when you're free, nothing urgent."
ham,"Anjali, do you want to grab coffee tomorrow?"
ham,"Priya, don't forget the meeting tomorrow at 6pm."
ham,"Sara, please send me the notes from today's class."
ham,"I left my charger at your place, can I pick it up?"
spam,"Get a loan of Rs.1,00,000 instantly with ZERO paperwork. Apply now: secure-verify.info"
ham,"Anjali, can you pick up milk on your way home?"
ham,Can you help me move some boxes this weekend?
ham,Congrats on the new job! So happy for you.
ham,Can you help me move some boxes this weekend?
ham,"The weather looks nice today, want to go for a walk?"
ham,"Sara, can you pick up milk on your way home?"
ham,"Rahul, happy birthday! Hope you have a great day."
ham,"I watched that movie you recommended, it was great."
ham,"Anjali, just checking in, how have you been?"
ham,"I finished the assignment, sending it to you now."
spam,You have been selected for a FREE iPhone 15!! Call 09876543210 now to claim your prize.
ham,"Ravi, great job on the presentation today!"
ham,"Rahul, are you coming to the party on Saturday?"
ham,"John, thanks for helping me yesterday, really appreciate it."
ham,"Just checking in, how have you been?"
ham,Can you send me your address again?
ham,Can you help me move some boxes this weekend?
ham,Please send me the notes from today's class.
ham,"John, i'll send the report by end of day."
ham,"Just checking in, how have you been?"
ham,"I reached home safely, thanks for dropping me."
ham,"Meera, i'll send the report by end of day."
ham,Mom said dinner will be ready by 10:30am.
ham,"Let's catch up this weekend, it's been a while."
ham,Can we reschedule our call to 5pm?
ham,I'll send the report by end of day.
ham,"Just checking in, how have you been?"
ham,Do you want to grab coffee tomorrow?
spam,Act now! Investment opportunity guaranteed to double your money in 39 days.
spam,Act now! Investment opportunity guaranteed to double your money in 13 days.
ham,"I finished the assignment, sending it to you now."
ham,What time does the movie start tonight?
spam,"Congrats! You are pre-approved for a credit card with Rs.1,00,000 limit. Apply: offer-link.co"
spam,You've been chosen to receive a free cash reward. Reply YES to claim your gift now.
ham,Do you want to grab coffee tomorrow?
ham,"Priya, i'll send the report by end of day."
ham,"Let's catch up this weekend, it's been a while."
ham,Mom said dinner will be ready by 5pm.
ham,Let me know once you land at the airport.
ham,"Aman, what time does the movie start tonight?"
ham,I'll send the report by end of day.
ham,"Priya, what time does the movie start tonight?"
ham,"Anjali, i watched that movie you recommended, it was great."
spam,Get a loan of Rs.50000 instantly with ZERO paperwork. Apply now: tinyurl.com/win-prize
ham,"I'll be there in 13 minutes, traffic is bad."
ham,What time does the movie start tonight?
ham,Great job on the presentation today!
ham,"Sara, can you send me your address again?"
ham,"John, hey, are we still meeting at noon today?"
ham,"I watched that movie you recommended, it was great."
ham,Congrats on the new job! So happy for you.
spam,Get a loan of Rs.50000 instantly with ZERO paperwork. Apply now: offer-link.co
ham,Let me know once you land at the airport.
ham,Don't forget the meeting tomorrow at noon.
ham,"I finished the assignment, sending it to you now."
ham,Are you coming to the party on Saturday?
ham,How was your exam? Hope it went well.
ham,What time does the movie start tonight?
ham,"Rahul, can you send me your address again?"
ham,Can you help me move some boxes this weekend?
spam,You have been selected for a FREE gift voucher!! Call 09876543210 now to claim your prize.
ham,See you at the gym at 9am?
ham,"Anjali, can you pick up milk on your way home?"
ham,Can you send me your address again?
ham,"Anjali, i left my charger at your place, can I pick it up?"
ham,Are you coming to the party on Saturday?
spam,You have been selected for a FREE gift voucher!! Call 09876543210 now to claim your prize.
spam,Your number has been randomly selected to win an iPhone! Claim at get-reward.net
ham,"John, i finished the assignment, sending it to you now."
ham,The project deadline got extended to next Monday.
ham,"Rahul, how was your exam? Hope it went well."
ham,Can you send me your address again?
ham,"John, the weather looks nice today, want to go for a walk?"
ham,"The weather looks nice today, want to go for a walk?"
spam,Earn Rs.2500 per day working from home! No investment needed. Join now: get-reward.net
ham,Can you pick up milk on your way home?
ham,"John, the weather looks nice today, want to go for a walk?"
ham,"John, the weather looks nice today, want to go for a walk?"
ham,"John, i finished the assignment, sending it to you now."
ham,"Meera, i finished the assignment, sending it to you now."
ham,"Meera, can we reschedule our call to 9am?"
spam,You have been selected for a FREE holiday package!! Call 09876543210 now to claim your prize.
ham,"Just checking in, how have you been?"
ham,"Please call me when you're free, nothing urgent."
ham,"John, i watched that movie you recommended, it was great."
ham,"Sara, mom said dinner will be ready by 9am."
ham,"Anjali, congrats on the new job! So happy for you."
ham,"Rahul, just checking in, how have you been?"
ham,Don't forget the meeting tomorrow at 6pm.
ham,How was your exam? Hope it went well.
ham,"Rahul, just checking in, how have you been?"
ham,"Hey, are we still meeting at 6pm today?"
ham,"I finished the assignment, sending it to you now."
ham,"Please call me when you're free, nothing urgent."
ham,"I reached home safely, thanks for dropping me."
ham,Please send me the notes from today's class.
ham,"Please call me when you're free, nothing urgent."
ham,See you at the gym at 6pm?
ham,"Please call me when you're free, nothing urgent."
ham,"I left my charger at your place, can I pick it up?"
spam,Your number has been randomly selected to win an iPhone! Claim at secure-verify.info
ham,"Hey, are we still meeting at 10:30am today?"
ham,What time does the movie start tonight?
ham,Do you want to grab coffee tomorrow?
ham,Can we reschedule our call to 7:15pm?
ham,"Aman, can we reschedule our call to 7:15pm?"
ham,"Sara, i'll send the report by end of day."
ham,"Rahul, what time does the movie start tonight?"
ham,Do you want to grab coffee tomorrow?
ham,Let me know once you land at the airport.
spam,Your parcel could not be delivered. Pay Rs.5000 customs fee here: secure-verify.info
ham,"Meera, can we reschedule our call to noon?"
spam,"Click here for a FREE gift voucher + free shipping, limited stock available: get-reward.net"
ham,"Meera, can you send me your address again?"
ham,Do you want to grab coffee tomorrow?
ham,"John, the weather looks nice today, want to go for a walk?"
ham,"Ravi, i'm running late, start without me."
ham,"Anjali, how was your exam? Hope it went well."
ham,Can we reschedule our call to 5pm?
ham,Congrats on the new job! So happy for you.
ham,"Just checking in, how have you been?"
ham,"I finished the assignment, sending it to you now."
spam,You have an unclaimed refund of Rs.2500. Claim it now before it expires: get-reward.net
ham,"Aman, great job on the presentation today!"
ham,Can you send me your address again?
ham,"I left my charger at your place, can I pick it up?"
spam,Get a loan of Rs.50000 instantly with ZERO paperwork. Apply now: tinyurl.com/win-prize
ham,Do you want to grab coffee tomorrow?
ham,"Sara, i finished the assignment, sending it to you now."
spam,WINNER!! As a valued customer you have won a gift voucher. Text WIN to 09876543210 to collect.
ham,"Meera, are you coming to the party on Saturday?"
ham,What time does the movie start tonight?
ham,"Ravi, i'll be there in 20 minutes, traffic is bad."
spam,"Click here for a FREE iPhone 15 + free shipping, limited stock available: offer-link.co"
ham,Are you coming to the party on Saturday?
ham,Congrats on the new job! So happy for you.
ham,"Anjali, see you at the gym at noon?"
ham,Great job on the presentation today!
ham,"Meera, are you coming to the party on Saturday?"
ham,"I reached home safely, thanks for dropping me."
ham,Please send me the notes from today's class.
ham,"John, don't forget the meeting tomorrow at noon."
ham,Let me know once you land at the airport.
spam,Limited time offer! Get 90% off on all products. Shop now: bit.ly/claim-now
ham,Can you send me your address again?
ham,Don't forget the meeting tomorrow at 5pm.
ham,See you at the gym at 10:30am?
ham,Can you send me your address again?
ham,"Ravi, i left my charger at your place, can I pick it up?"
ham,The project deadline got extended to next Wednesday.
ham,Please send me the notes from today's class.
ham,"Ravi, happy birthday! Hope you have a great day."
ham,"Anjali, hey, are we still meeting at 8am today?"
ham,Are you coming to the party on Saturday?
ham,"Ravi, the project deadline got extended to next Wednesday."
spam,Limited time offer! Get 90% off on all products. Shop now: get-reward.net
ham,"Aman, congrats on the new job! So happy for you."
ham,"Meera, i'm running late, start without me."
spam,Act now! Investment opportunity guaranteed to double your money in 32 days.
spam,"Click here for a FREE iPhone 15 + free shipping, limited stock available: secure-verify.info"
ham,"Hey, are we still meeting at noon today?"
spam,Congratulations! You have WON a cash reward worth Rs.10000. Click here to claim now: tinyurl.com/win-prize
ham,Please send me the notes from today's class.
ham,The project deadline got extended to next Friday.
ham,Can we reschedule our call to 5pm?
ham,"Aman, i finished the assignment, sending it to you now."
ham,"Ravi, great job on the presentation today!"
spam,Hot singles in your area want to chat with you now! Click tinyurl.com/win-prize
spam,You've been chosen to receive a free iPhone 15. Reply YES to claim your gift now.
ham,"Just checking in, how have you been?"
ham,Happy birthday! Hope you have a great day.
ham,"I'm running late, start without me."
ham,"Hey, are we still meeting at 9am today?"
spam,"Get a loan of Rs.1,00,000 instantly with ZERO paperwork. Apply now: tinyurl.com/win-prize"
spam,"Get a loan of Rs.1,00,000 instantly with ZERO paperwork. Apply now: tinyurl.com/win-prize"
ham,"The weather looks nice today, want to go for a walk?"
ham,Can we reschedule our call to 7:15pm?
ham,"Thanks for helping me yesterday, really appreciate it."
spam,FREE entry into our 5000 weekly prize draw just by texting WIN to 07777888999.
ham,"I'm running late, start without me."
ham,"Let's catch up this weekend, it's been a while."
ham,"Anjali, happy birthday! Hope you have a great day."
ham,See you at the gym at 9am?
ham,"Meera, congrats on the new job! So happy for you."
ham,"I watched that movie you recommended, it was great."
ham,"Anjali, i'll be there in 3 minutes, traffic is bad."
ham,Congrats on the new job! So happy for you.
ham,How was your exam? Hope it went well.
spam,Congratulations! You have WON a laptop worth Rs.50000. Click here to claim now: offer-link.co
ham,"Aman, i'm running late, start without me."
spam,Congrats! You are pre-approved for a credit card with Rs.2500 limit. Apply: offer-link.co
ham,"I watched that movie you recommended, it was great."
ham,Great job on the presentation today!
ham,Do you want to grab coffee tomorrow?
ham,Don't forget the meeting tomorrow at 6pm.
ham,Mom said dinner will be ready by 8am.
spam,Your number has been randomly selected to win an iPhone! Claim at bit.ly/claim-now
spam,WINNER!! As a valued customer you have won a cash reward. Text WIN to 09876543210 to collect.
ham,Don't forget the meeting tomorrow at 9am.
spam,Your mobile number has won 10000 in the lucky draw! Claim before it expires: bit.ly/claim-now
ham,Can you help me move some boxes this weekend?
ham,Please send me the notes from today's class.
ham,Congrats on the new job! So happy for you.
ham,"Thanks for helping me yesterday, really appreciate it."
ham,"Thanks for helping me yesterday, really appreciate it."
ham,"Just checking in, how have you been?"
ham,"Hey, are we still meeting at 6pm today?"
ham,"I left my charger at your place, can I pick it up?"
ham,"Let's catch up this weekend, it's been a while."
ham,Can we reschedule our call to 10:30am?
ham,"I'm running late, start without me."
ham,Happy birthday! Hope you have a great day.
ham,"The weather looks nice today, want to go for a walk?"
ham,How was your exam? Hope it went well.
ham,"I left my charger at your place, can I pick it up?"
ham,"Thanks for helping me yesterday, really appreciate it."
ham,Please send me the notes from today's class.
ham,"Aman, can you send me your address again?"
ham,"Rahul, just checking in, how have you been?"
ham,How was your exam? Hope it went well.
ham,Don't forget the meeting tomorrow at 10:30am.
ham,"Ravi, mom said dinner will be ready by 6pm."
ham,Can you send me your address again?
ham,Can you help me move some boxes this weekend?
ham,"I reached home safely, thanks for dropping me."
ham,How was your exam? Hope it went well.
spam,Congratulations! You have WON a cash reward worth Rs.50000. Click here to claim now: secure-verify.info
ham,"Priya, the project deadline got extended to next Friday."
ham,"I reached home safely, thanks for dropping me."
spam,"Click here for a FREE laptop + free shipping, limited stock available: get-reward.net"
ham,"Just checking in, how have you been?"
ham,The project deadline got extended to next Friday.
ham,"I'm running late, start without me."
ham,"Meera, i finished the assignment, sending it to you now."
spam,FINAL NOTICE: Your subscription payment failed. Update details at secure-verify.info immediately.
ham,Let me know once you land at the airport.
ham,I'll send the report by end of day.
spam,Your parcel could not be delivered. Pay Rs.50000 customs fee here: get-reward.net
spam,Earn Rs.50000 per day working from home! No investment needed. Join now: get-reward.net
ham,"Please call me when you're free, nothing urgent."
ham,"Please call me when you're free, nothing urgent."
ham,How was your exam? Hope it went well.
spam,Congrats! You are pre-approved for a credit card with Rs.50000 limit. Apply: get-reward.net
ham,"Ravi, can you send me your address again?"
ham,"Aman, the project deadline got extended to next Friday."
spam,"Click here for a FREE gift voucher + free shipping, limited stock available: secure-verify.info"
ham,See you at the gym at 6pm?
ham,Let me know once you land at the airport.
spam,Hot singles in your area want to chat with you now! Click secure-verify.info
ham,"Sara, i watched that movie you recommended, it was great."
ham,"I'll be there in 19 minutes, traffic is bad."
ham,"Anjali, can we reschedule our call to 9am?"
ham,"Please call me when you're free, nothing urgent."
ham,I'll send the report by end of day.
ham,Let me know once you land at the airport.
ham,"John, see you at the gym at 6pm?"
ham,"Sara, let's catch up this weekend, it's been a while."
ham,Do you want to grab coffee tomorrow?
ham,See you at the gym at 9am?
ham,Do you want to grab coffee tomorrow?
spam,Congrats! You are pre-approved for a credit card with Rs.2500 limit. Apply: get-reward.net
ham,"Anjali, i finished the assignment, sending it to you now."
spam,Get a loan of Rs.10000 instantly with ZERO paperwork. Apply now: secure-verify.info
ham,"Aman, i watched that movie you recommended, it was great."
ham,"Priya, i watched that movie you recommended, it was great."
ham,"I'll be there in 34 minutes, traffic is bad."
ham,"Meera, i watched that movie you recommended, it was great."
ham,"I reached home safely, thanks for dropping me."
spam,Cash prize of Rs.5000 is waiting for you! Click get-reward.net to claim instantly.
ham,"Thanks for helping me yesterday, really appreciate it."
spam,"Earn Rs.1,00,000 per day working from home! No investment needed. Join now: secure-verify.info"
ham,"I finished the assignment, sending it to you now."
spam,Cash prize of Rs.50000 is waiting for you! Click get-reward.net to claim instantly.
ham,"Thanks for helping me yesterday, really appreciate it."
ham,Let me know once you land at the airport.
ham,"Sara, i reached home safely, thanks for dropping me."
ham,"Ravi, can you send me your address again?"
ham,"I left my charger at your place, can I pick it up?"
ham,"I'm running late, start without me."
ham,Can you send me your address again?
ham,"I'm running late, start without me."
ham,"I reached home safely, thanks for dropping me."
ham,"I'm running late, start without me."
ham,Can we reschedule our call to noon?
ham,"Rahul, the project deadline got extended to next Friday."
ham,Can we reschedule our call to 8am?
ham,"Rahul, i finished the assignment, sending it to you now."
ham,Can we reschedule our call to 5pm?
ham,The project deadline got extended to next Monday.
ham,"I watched that movie you recommended, it was great."
ham,The project deadline got extended to next Monday.
ham,"Thanks for helping me yesterday, really appreciate it."
spam,Congratulations! You have WON a holiday package worth Rs.10000. Click here to claim now: secure-verify.info
ham,"Aman, the project deadline got extended to next Wednesday."
ham,"I left my charger at your place, can I pick it up?"
ham,"I finished the assignment, sending it to you now."
ham,"John, congrats on the new job! So happy for you."
ham,"Thanks for helping me yesterday, really appreciate it."
ham,"Just checking in, how have you been?"
ham,"The weather looks nice today, want to go for a walk?"
ham,"Hey, are we still meeting at 7:15pm today?"
ham,"The weather looks nice today, want to go for a walk?"
ham,"The weather looks nice today, want to go for a walk?"
ham,"Let's catch up this weekend, it's been a while."
spam,Earn Rs.50000 per day working from home! No investment needed. Join now: get-reward.net
ham,Don't forget the meeting tomorrow at 8am.
ham,"I finished the assignment, sending it to you now."
ham,"Aman, do you want to grab coffee tomorrow?"
ham,Happy birthday! Hope you have a great day.
ham,Can you send me your address again?
ham,Are you coming to the party on Saturday?
spam,Your mobile number has won 50000 in the lucky draw! Claim before it expires: offer-link.co
ham,"Sara, can you help me move some boxes this weekend?"
spam,"Click here for a FREE cash reward + free shipping, limited stock available: tinyurl.com/win-prize"
ham,Can you send me your address again?
ham,I'll send the report by end of day.
ham,The project deadline got extended to next Monday.
spam,Your number has been randomly selected to win an iPhone! Claim at secure-verify.info
ham,"Sara, hey, are we still meeting at 10:30am today?"
ham,Let me know once you land at the airport.
spam,Congratulations! You have WON a gift voucher worth Rs.2500. Click here to claim now: offer-link.co
ham,"The weather looks nice today, want to go for a walk?"
ham,"Let's catch up this weekend, it's been a while."
ham,Don't forget the meeting tomorrow at 9am.
ham,"I left my charger at your place, can I pick it up?"
spam,Your mobile number has won 50000 in the lucky draw! Claim before it expires: bit.ly/claim-now
ham,Do you want to grab coffee tomorrow?
ham,Can you send me your address again?
ham,Can you pick up milk on your way home?
ham,Please send me the notes from today's class.
ham,"Sara, congrats on the new job! So happy for you."
ham,"Priya, i watched that movie you recommended, it was great."
ham,"Sara, i finished the assignment, sending it to you now."
spam,Congrats! You are pre-approved for a credit card with Rs.5000 limit. Apply: secure-verify.info
ham,"Sara, can you send me your address again?"
ham,Can you pick up milk on your way home?
ham,Are you coming to the party on Saturday?
ham,"I reached home safely, thanks for dropping me."
spam,You've been chosen to receive a free holiday package. Reply YES to claim your gift now.
ham,Mom said dinner will be ready by 5pm.
ham,"Priya, can you send me your address again?"
ham,"The weather looks nice today, want to go for a walk?"
ham,"Hey, are we still meeting at 10:30am today?"
ham,The project deadline got extended to next Friday.
ham,Let me know once you land at the airport.
spam,Get a loan of Rs.2500 instantly with ZERO paperwork. Apply now: tinyurl.com/win-prize
ham,Please send me the notes from today's class.
ham,"The weather looks nice today, want to go for a walk?"
ham,"Rahul, the weather looks nice today, want to go for a walk?"
ham,"Thanks for helping me yesterday, really appreciate it."
ham,Don't forget the meeting tomorrow at 9am.
ham,Congrats on the new job! So happy for you.
spam,You've been chosen to receive a free iPhone 15. Reply YES to claim your gift now.
ham,"Let's catch up this weekend, it's been a while."
ham,"Aman, i left my charger at your place, can I pick it up?"
ham,The project deadline got extended to next Monday.
ham,"Thanks for helping me yesterday, really appreciate it."
ham,"The weather looks nice today, want to go for a walk?"
ham,Don't forget the meeting tomorrow at noon.
ham,"Meera, i left my charger at your place, can I pick it up?"
ham,"I'm running late, start without me."
spam,FINAL NOTICE: Your subscription payment failed. Update details at get-reward.net immediately.
ham,Don't forget the meeting tomorrow at 6pm.
ham,"I'll be there in 45 minutes, traffic is bad."
ham,Don't forget the meeting tomorrow at 8am.
spam,Cash prize of Rs.10000 is waiting for you! Click get-reward.net to claim instantly.
ham,"Let's catch up this weekend, it's been a while."
ham,"John, don't forget the meeting tomorrow at 5pm."
ham,Please send me the notes from today's class.
ham,I'll send the report by end of day.
ham,"Sara, the project deadline got extended to next Friday."
ham,"Hey, are we still meeting at 7:15pm today?"
ham,Do you want to grab coffee tomorrow?
ham,"Priya, don't forget the meeting tomorrow at 7:15pm."
ham,"Rahul, are you coming to the party on Saturday?"
ham,Congrats on the new job! So happy for you.
ham,"I'll be there in 23 minutes, traffic is bad."
spam,FINAL NOTICE: Your subscription payment failed. Update details at get-reward.net immediately.
ham,"I'll be there in 33 minutes, traffic is bad."
ham,Happy birthday! Hope you have a great day.
ham,"Aman, thanks for helping me yesterday, really appreciate it."
ham,Don't forget the meeting tomorrow at noon.
ham,"Sara, congrats on the new job! So happy for you."
ham,"Let's catch up this weekend, it's been a while."
ham,"I left my charger at your place, can I pick it up?"
ham,"Hey, are we still meeting at 8am today?"
ham,Do you want to grab coffee tomorrow?
ham,"I left my charger at your place, can I pick it up?"
ham,Let me know once you land at the airport.
spam,Act now! Investment opportunity guaranteed to double your money in 24 days.
ham,"I left my charger at your place, can I pick it up?"
ham,"The weather looks nice today, want to go for a walk?"
ham,Mom said dinner will be ready by noon.
spam,You've been chosen to receive a free gift voucher. Reply YES to claim your gift now.
ham,"Hey, are we still meeting at 6pm today?"
ham,Can you help me move some boxes this weekend?
ham,"I'm running late, start without me."
ham,"Anjali, the project deadline got extended to next Friday."
ham,"I reached home safely, thanks for dropping me."
ham,Great job on the presentation today!
spam,Hot singles in your area want to chat with you now! Click tinyurl.com/win-prize
ham,"Ravi, don't forget the meeting tomorrow at 6pm."
ham,The project deadline got extended to next Monday.
spam,FINAL NOTICE: Your subscription payment failed. Update details at bit.ly/claim-now immediately.
ham,Can we reschedule our call to 7:15pm?
ham,Do you want to grab coffee tomorrow?
ham,"Thanks for helping me yesterday, really appreciate it."
ham,"Thanks for helping me yesterday, really appreciate it."
ham,"Rahul, don't forget the meeting tomorrow at noon."
ham,"Priya, i left my charger at your place, can I pick it up?"
spam,You have an unclaimed refund of Rs.10000. Claim it now before it expires: offer-link.co
ham,See you at the gym at 9am?
spam,"Your mobile number has won 1,00,000 in the lucky draw! Claim before it expires: bit.ly/claim-now"
spam,You have an unclaimed refund of Rs.50000. Claim it now before it expires: tinyurl.com/win-prize
ham,Mom said dinner will be ready by 6pm.
spam,"Your mobile number has won 1,00,000 in the lucky draw! Claim before it expires: tinyurl.com/win-prize"
ham,"Rahul, what time does the movie start tonight?"
spam,Your mobile number has won 2500 in the lucky draw! Claim before it expires: tinyurl.com/win-prize
ham,"Priya, i reached home safely, thanks for dropping me."
ham,"Aman, let me know once you land at the airport."
ham,Are you coming to the party on Saturday?
ham,"I watched that movie you recommended, it was great."
ham,"Meera, please send me the notes from today's class."
ham,"Ravi, happy birthday! Hope you have a great day."
ham,Mom said dinner will be ready by 10:30am.
ham,"Thanks for helping me yesterday, really appreciate it."
ham,"I finished the assignment, sending it to you now."
spam,"Earn Rs.1,00,000 per day working from home! No investment needed. Join now: get-reward.net"
ham,"I watched that movie you recommended, it was great."
ham,"Aman, the weather looks nice today, want to go for a walk?"
ham,Can we reschedule our call to 9am?
ham,"Ravi, can you help me move some boxes this weekend?"
spam,"Cash prize of Rs.1,00,000 is waiting for you! Click secure-verify.info to claim instantly."
ham,"Thanks for helping me yesterday, really appreciate it."
ham,"I reached home safely, thanks for dropping me."
ham,"Please call me when you're free, nothing urgent."
ham,"Aman, i watched that movie you recommended, it was great."
ham,Please send me the notes from today's class.
spam,FREE entry into our 10000 weekly prize draw just by texting WIN to 07777888999.
ham,"I reached home safely, thanks for dropping me."
ham,Can we reschedule our call to 5pm?
ham,Are you coming to the party on Saturday?
ham,"Sara, can you send me your address again?"
ham,"I'm running late, start without me."
ham,"Please call me when you're free, nothing urgent."
ham,Can we reschedule our call to 6pm?
spam,WINNER!! As a valued customer you have won a holiday package. Text WIN to 09876543210 to collect.
ham,"I'll be there in 14 minutes, traffic is bad."
ham,"Ravi, i'll be there in 29 minutes, traffic is bad."
ham,"Priya, what time does the movie start tonight?"
ham,"The weather looks nice today, want to go for a walk?"
ham,Can we reschedule our call to noon?
ham,Mom said dinner will be ready by 5pm.
ham,"I'll be there in 13 minutes, traffic is bad."
ham,"Meera, i reached home safely, thanks for dropping me."
ham,"Rahul, let me know once you land at the airport."
ham,Can you send me your address again?
ham,"Thanks for helping me yesterday, really appreciate it."
ham,"I'll be there in 4 minutes, traffic is bad."
spam,Cash prize of Rs.5000 is waiting for you! Click secure-verify.info to claim instantly.
ham,Congrats on the new job! So happy for you.
ham,"Rahul, i reached home safely, thanks for dropping me."
ham,"John, let me know once you land at the airport."
ham,Are you coming to the party on Saturday?
ham,"The weather looks nice today, want to go for a walk?"
ham,"Aman, i finished the assignment, sending it to you now."
ham,"I'm running late, start without me."
ham,Can you help me move some boxes this weekend?
ham,"Ravi, i'll send the report by end of day."
ham,"I'm running late, start without me."
ham,"Priya, thanks for helping me yesterday, really appreciate it."
ham,Great job on the presentation today!
ham,Great job on the presentation today!
ham,"Ravi, i reached home safely, thanks for dropping me."
spam,URGENT! Your account has been suspended. Verify now at offer-link.co to avoid deactivation.
ham,"Rahul, the weather looks nice today, want to go for a walk?"
ham,"Meera, how was your exam? Hope it went well."
ham,"John, hey, are we still meeting at 5pm today?"
ham,The project deadline got extended to next Wednesday.
ham,"Thanks for helping me yesterday, really appreciate it."
ham,Congrats on the new job! So happy for you.
ham,Great job on the presentation today!
ham,How was your exam? Hope it went well.
ham,Please send me the notes from today's class.
ham,Let me know once you land at the airport.
ham,I'll send the report by end of day.
ham,Don't forget the meeting tomorrow at 7:15pm.
ham,"Rahul, happy birthday! Hope you have a great day."
ham,"I reached home safely, thanks for dropping me."
ham,"I left my charger at your place, can I pick it up?"
ham,What time does the movie start tonight?
ham,"I'm running late, start without me."
ham,"I'll be there in 36 minutes, traffic is bad."
ham,Mom said dinner will be ready by 8am.
ham,"Hey, are we still meeting at 5pm today?"
ham,Do you want to grab coffee tomorrow?
ham,"Anjali, the weather looks nice today, want to go for a walk?"
ham,"Hey, are we still meeting at 8am today?"
ham,"Priya, hey, are we still meeting at 6pm today?"
ham,Do you want to grab coffee tomorrow?
ham,Please send me the notes from today's class.
ham,"I'm running late, start without me."
ham,"Hey, are we still meeting at 9am today?"
ham,"Sara, don't forget the meeting tomorrow at 7:15pm."
spam,Your number has been randomly selected to win an iPhone! Claim at bit.ly/claim-now
ham,Mom said dinner will be ready by noon.
ham,"Priya, the weather looks nice today, want to go for a walk?"
ham,"Just checking in, how have you been?"
ham,Can you help me move some boxes this weekend?
ham,How was your exam? Hope it went well.
ham,Can you help me move some boxes this weekend?
ham,"Meera, let's catch up this weekend, it's been a while."
ham,Don't forget the meeting tomorrow at 5pm.
ham,"Ravi, hey, are we still meeting at 6pm today?"
ham,"I left my charger at your place, can I pick it up?"
ham,Great job on the presentation today!
ham,"Let's catch up this weekend, it's been a while."
ham,"I left my charger at your place, can I pick it up?"
spam,Your parcel could not be delivered. Pay Rs.5000 customs fee here: tinyurl.com/win-prize
spam,"Dear customer, your bank account will be blocked. Update KYC immediately: tinyurl.com/win-prize"
ham,"Please call me when you're free, nothing urgent."
ham,Great job on the presentation today!
spam,Your mobile number has won 10000 in the lucky draw! Claim before it expires: bit.ly/claim-now
ham,Happy birthday! Hope you have a great day.
spam,Limited time offer! Get 80% off on all products. Shop now: secure-verify.info
ham,"Meera, i'll send the report by end of day."
ham,Can you help me move some boxes this weekend?
ham,How was your exam? Hope it went well.
ham,Please send me the notes from today's class.
ham,"Thanks for helping me yesterday, really appreciate it."
ham,"Sara, just checking in, how have you been?"
ham,Can you pick up milk on your way home?
ham,"Thanks for helping me yesterday, really appreciate it."
ham,"I'll be there in 43 minutes, traffic is bad."
ham,Can you send me your address again?
ham,How was your exam? Hope it went well.
ham,"Just checking in, how have you been?"
ham,"The weather looks nice today, want to go for a walk?"
ham,Great job on the presentation today!
ham,Congrats on the new job! So happy for you.
ham,Can you help me move some boxes this weekend?
ham,"Just checking in, how have you been?"
ham,"I finished the assignment, sending it to you now."
ham,"Sara, can you pick up milk on your way home?"
spam,"Dear customer, your bank account will be blocked. Update KYC immediately: offer-link.co"
ham,"Rahul, are you coming to the party on Saturday?"
ham,Can you help me move some boxes this weekend?
ham,Let me know once you land at the airport.
spam,URGENT! Your account has been suspended. Verify now at get-reward.net to avoid deactivation.
spam,Congrats! You are pre-approved for a credit card with Rs.5000 limit. Apply: secure-verify.info
ham,Don't forget the meeting tomorrow at 10:30am.
ham,"Rahul, can we reschedule our call to 6pm?"
ham,"Meera, thanks for helping me yesterday, really appreciate it."
ham,"Anjali, please send me the notes from today's class."
ham,Happy birthday! Hope you have a great day.
ham,"I left my charger at your place, can I pick it up?"
ham,"John, i'm running late, start without me."
ham,"Rahul, can you help me move some boxes this weekend?"
ham,"Ravi, i watched that movie you recommended, it was great."
ham,Can you pick up milk on your way home?
ham,Can you help me move some boxes this weekend?
ham,"Ravi, can we reschedule our call to 5pm?"
ham,"Sara, please call me when you're free, nothing urgent."
ham,"Priya, let's catch up this weekend, it's been a while."
ham,"I watched that movie you recommended, it was great."
ham,Let me know once you land at the airport.
ham,"Sara, i'll send the report by end of day."
spam,Congrats! You are pre-approved for a credit card with Rs.2500 limit. Apply: bit.ly/claim-now
ham,"Rahul, please send me the notes from today's class."
ham,"I'll be there in 21 minutes, traffic is bad."
ham,"Aman, hey, are we still meeting at 10:30am today?"
ham,The project deadline got extended to next Wednesday.
ham,Please send me the notes from today's class.
ham,Can you help me move some boxes this weekend?
ham,Please send me the notes from today's class.
ham,Don't forget the meeting tomorrow at noon.
ham,Can you help me move some boxes this weekend?
ham,"I left my charger at your place, can I pick it up?"
spam,Congratulations! You have WON a iPhone 15 worth Rs.50000. Click here to claim now: secure-verify.info
ham,Congrats on the new job! So happy for you.
ham,"Rahul, how was your exam? Hope it went well."
ham,"Please call me when you're free, nothing urgent."
ham,Let me know once you land at the airport.
ham,Can you help me move some boxes this weekend?
ham,Don't forget the meeting tomorrow at 7:15pm.
ham,Do you want to grab coffee tomorrow?
ham,"I watched that movie you recommended, it was great."
ham,"Anjali, don't forget the meeting tomorrow at 9am."
ham,"John, let's catch up this weekend, it's been a while."
ham,I'll send the report by end of day.
ham,"Priya, can we reschedule our call to noon?"
ham,"John, let's catch up this weekend, it's been a while."
ham,"Thanks for helping me yesterday, really appreciate it."
ham,"The weather looks nice today, want to go for a walk?"
ham,"Please call me when you're free, nothing urgent."
ham,"I watched that movie you recommended, it was great."
ham,"Priya, do you want to grab coffee tomorrow?"
ham,Can you pick up milk on your way home?
ham,Mom said dinner will be ready by 8am.
ham,"Let's catch up this weekend, it's been a while."
ham,Do you want to grab coffee tomorrow?
ham,"Please call me when you're free, nothing urgent."
ham,Great job on the presentation today!
ham,"I reached home safely, thanks for dropping me."
ham,"Sara, please call me when you're free, nothing urgent."
ham,Let me know once you land at the airport.
ham,See you at the gym at 7:15pm?
ham,"I left my charger at your place, can I pick it up?"
ham,Please send me the notes from today's class.
ham,Can we reschedule our call to 5pm?
spam,You have an unclaimed refund of Rs.2500. Claim it now before it expires: get-reward.net
spam,Cash prize of Rs.2500 is waiting for you! Click offer-link.co to claim instantly.
spam,"Your parcel could not be delivered. Pay Rs.1,00,000 customs fee here: get-reward.net"
ham,"The weather looks nice today, want to go for a walk?"
ham,"Priya, i watched that movie you recommended, it was great."
ham,"Meera, let's catch up this weekend, it's been a while."
ham,"Aman, i'll send the report by end of day."
ham,"Ravi, can you pick up milk on your way home?"
ham,"Priya, congrats on the new job! So happy for you."
ham,I'll send the report by end of day.
ham,Can you pick up milk on your way home?
ham,"I left my charger at your place, can I pick it up?"
ham,"Please call me when you're free, nothing urgent."
ham,Can we reschedule our call to 5pm?
ham,"Thanks for helping me yesterday, really appreciate it."
ham,"Sara, can you pick up milk on your way home?"
ham,Can you send me your address again?
ham,"Priya, i'm running late, start without me."
ham,Are you coming to the party on Saturday?
ham,"Anjali, happy birthday! Hope you have a great day."
ham,"I left my charger at your place, can I pick it up?"
ham,Happy birthday! Hope you have a great day.
ham,"Anjali, can you send me your address again?"
ham,"John, hey, are we still meeting at 7:15pm today?"
ham,Do you want to grab coffee tomorrow?
ham,Are you coming to the party on Saturday?
ham,"I left my charger at your place, can I pick it up?"
ham,Can you pick up milk on your way home?
ham,The project deadline got extended to next Monday.
ham,What time does the movie start tonight?
spam,Your number has been randomly selected to win an iPhone! Claim at offer-link.co
ham,"I watched that movie you recommended, it was great."
ham,"I'm running late, start without me."
ham,Are you coming to the party on Saturday?
ham,"Let's catch up this weekend, it's been a while."
ham,"Aman, mom said dinner will be ready by noon."
ham,Can we reschedule our call to 5pm?
ham,Great job on the presentation today!
ham,Don't forget the meeting tomorrow at 6pm.
ham,Can we reschedule our call to 6pm?
ham,Are you coming to the party on Saturday?
ham,"Priya, please call me when you're free, nothing urgent."
ham,"I watched that movie you recommended, it was great."
spam,URGENT! Your account has been suspended. Verify now at get-reward.net to avoid deactivation.
ham,"The weather looks nice today, want to go for a walk?"
ham,"Anjali, can you help me move some boxes this weekend?"
ham,Let me know once you land at the airport.
ham,"Meera, i left my charger at your place, can I pick it up?"
ham,"Meera, i'm running late, start without me."
ham,"Meera, mom said dinner will be ready by 6pm."
ham,"Just checking in, how have you been?"
spam,Act now! Investment opportunity guaranteed to double your money in 10 days.
ham,"Just checking in, how have you been?"
ham,Can you help me move some boxes this weekend?
ham,How was your exam? Hope it went well.
ham,"I reached home safely, thanks for dropping me."
spam,Your parcel could not be delivered. Pay Rs.10000 customs fee here: offer-link.co
ham,The project deadline got extended to next Wednesday.
ham,"Sara, please call me when you're free, nothing urgent."
ham,"Hey, are we still meeting at 8am today?"
ham,"I left my charger at your place, can I pick it up?"
ham,Congrats on the new job! So happy for you.
ham,"Anjali, i'll send the report by end of day."
ham,See you at the gym at 9am?
ham,"Ravi, how was your exam? Hope it went well."
ham,"Hey, are we still meeting at 6pm today?"
ham,Let me know once you land at the airport.
spam,FREE entry into our 50000 weekly prize draw just by texting WIN to 07777888999.
ham,Great job on the presentation today!
ham,Please send me the notes from today's class.
ham,"Hey, are we still meeting at 5pm today?"
ham,"Sara, congrats on the new job! So happy for you."
ham,Can we reschedule our call to 9am?
ham,Can you help me move some boxes this weekend?
spam,Congratulations! You have WON a holiday package worth Rs.2500. Click here to claim now: tinyurl.com/win-prize
ham,Can you pick up milk on your way home?
ham,Great job on the presentation today!
ham,"The weather looks nice today, want to go for a walk?"
ham,"Let's catch up this weekend, it's been a while."
ham,What time does the movie start tonight?
spam,"Click here for a FREE iPhone 15 + free shipping, limited stock available: tinyurl.com/win-prize"
ham,"Sara, happy birthday! Hope you have a great day."
ham,Please send me the notes from today's class.
spam,"Dear customer, your bank account will be blocked. Update KYC immediately: secure-verify.info"
ham,"Aman, let me know once you land at the airport."
ham,"Let's catch up this weekend, it's been a while."
ham,"I reached home safely, thanks for dropping me."
ham,Can we reschedule our call to 9am?
spam,You've been chosen to receive a free smartwatch. Reply YES to claim your gift now.
spam,Limited time offer! Get 90% off on all products. Shop now: tinyurl.com/win-prize
ham,"I'm running late, start without me."
ham,Mom said dinner will be ready by noon.
spam,"You have an unclaimed refund of Rs.1,00,000. Claim it now before it expires: secure-verify.info"
ham,Can you send me your address again?
spam,URGENT! Your account has been suspended. Verify now at secure-verify.info to avoid deactivation.
ham,"Let's catch up this weekend, it's been a while."
ham,"Ravi, i left my charger at your place, can I pick it up?"
ham,Great job on the presentation today!
ham,"Meera, great job on the presentation today!"
ham,Can you help me move some boxes this weekend?
ham,"I'll be there in 5 minutes, traffic is bad."
ham,"Hey, are we still meeting at 10:30am today?"
spam,Earn Rs.10000 per day working from home! No investment needed. Join now: secure-verify.info
spam,"Your mobile number has won 1,00,000 in the lucky draw! Claim before it expires: tinyurl.com/win-prize"
ham,"Meera, i watched that movie you recommended, it was great."
ham,"I reached home safely, thanks for dropping me."
spam,You've been chosen to receive a free smartwatch. Reply YES to claim your gift now.
ham,"I'm running late, start without me."
ham,"I left my charger at your place, can I pick it up?"
ham,I'll send the report by end of day.
ham,Please send me the notes from today's class.
ham,Do you want to grab coffee tomorrow?
spam,Limited time offer! Get 90% off on all products. Shop now: secure-verify.info
spam,You've been chosen to receive a free cash reward. Reply YES to claim your gift now.
spam,"Cash prize of Rs.1,00,000 is waiting for you! Click bit.ly/claim-now to claim instantly."
spam,Act now! Investment opportunity guaranteed to double your money in 4 days.
ham,"Aman, i left my charger at your place, can I pick it up?"
ham,Are you coming to the party on Saturday?
ham,"Just checking in, how have you been?"
spam,WINNER!! As a valued customer you have won a iPhone 15. Text WIN to 09876543210 to collect.
spam,Limited time offer! Get 90% off on all products. Shop now: offer-link.co
spam,"Click here for a FREE smartwatch + free shipping, limited stock available: secure-verify.info"
ham,Mom said dinner will be ready by noon.
ham,"Just checking in, how have you been?"
ham,Don't forget the meeting tomorrow at 9am.
ham,"Let's catch up this weekend, it's been a while."
ham,"I left my charger at your place, can I pick it up?"
ham,Can you send me your address again?
ham,I'll send the report by end of day.
spam,Act now! Investment opportunity guaranteed to double your money in 42 days.
ham,"I reached home safely, thanks for dropping me."
ham,"Sara, can you pick up milk on your way home?"
spam,Your number has been randomly selected to win an iPhone! Claim at get-reward.net
spam,URGENT! Your account has been suspended. Verify now at get-reward.net to avoid deactivation.
ham,"Aman, can you send me your address again?"
ham,"Just checking in, how have you been?"
ham,Are you coming to the party on Saturday?
ham,"Priya, congrats on the new job! So happy for you."
ham,Happy birthday! Hope you have a great day.
ham,"Aman, thanks for helping me yesterday, really appreciate it."
ham,"Sara, i left my charger at your place, can I pick it up?"
ham,"Just checking in, how have you been?"
spam,You've been chosen to receive a free holiday package. Reply YES to claim your gift now.
spam,Get a loan of Rs.10000 instantly with ZERO paperwork. Apply now: offer-link.co
ham,"Anjali, i left my charger at your place, can I pick it up?"
ham,"Rahul, the weather looks nice today, want to go for a walk?"
ham,"Sara, the weather looks nice today, want to go for a walk?"
ham,"Ravi, how was your exam? Hope it went well."
ham,"Aman, the project deadline got extended to next Friday."
spam,Earn Rs.5000 per day working from home! No investment needed. Join now: tinyurl.com/win-prize
ham,How was your exam? Hope it went well.
ham,Mom said dinner will be ready by 8am.
ham,"Priya, mom said dinner will be ready by 9am."
ham,Can you pick up milk on your way home?
spam,Congratulations! You have WON a gift voucher worth Rs.50000. Click here to claim now: secure-verify.info
ham,"I left my charger at your place, can I pick it up?"
ham,"Ravi, just checking in, how have you been?"
ham,"I left my charger at your place, can I pick it up?"
spam,URGENT! Your account has been suspended. Verify now at offer-link.co to avoid deactivation.
ham,Can you help me move some boxes this weekend?
ham,"Anjali, the weather looks nice today, want to go for a walk?"
ham,Congrats on the new job! So happy for you.
ham,"Just checking in, how have you been?"
ham,"Meera, please send me the notes from today's class."
spam,Congrats! You are pre-approved for a credit card with Rs.5000 limit. Apply: tinyurl.com/win-prize
ham,Happy birthday! Hope you have a great day.
ham,Can you pick up milk on your way home?
ham,Do you want to grab coffee tomorrow?
ham,"The weather looks nice today, want to go for a walk?"
spam,URGENT! Your account has been suspended. Verify now at get-reward.net to avoid deactivation.
spam,"Your parcel could not be delivered. Pay Rs.1,00,000 customs fee here: tinyurl.com/win-prize"
spam,Limited time offer! Get 70% off on all products. Shop now: offer-link.co
ham,See you at the gym at 6pm?
ham,Congrats on the new job! So happy for you.
ham,Are you coming to the party on Saturday?
ham,"I reached home safely, thanks for dropping me."
ham,The project deadline got extended to next Wednesday.
ham,Let me know once you land at the airport.
ham,"I reached home safely, thanks for dropping me."
ham,"I reached home safely, thanks for dropping me."
ham,How was your exam? Hope it went well.
ham,Mom said dinner will be ready by 9am.
ham,The project deadline got extended to next Monday.
ham,Can you pick up milk on your way home?
ham,Great job on the presentation today!
ham,Are you coming to the party on Saturday?
ham,Are you coming to the party on Saturday?
spam,FREE entry into our 5000 weekly prize draw just by texting WIN to 07777888999.
spam,FREE entry into our 10000 weekly prize draw just by texting WIN to 09876543210.
ham,See you at the gym at 6pm?
ham,The project deadline got extended to next Friday.
spam,Limited time offer! Get 70% off on all products. Shop now: offer-link.co
ham,Congrats on the new job! So happy for you.
spam,You have been selected for a FREE gift voucher!! Call 07777888999 now to claim your prize.
ham,Don't forget the meeting tomorrow at 6pm.
ham,"Rahul, great job on the presentation today!"
ham,What time does the movie start tonight?
spam,Your number has been randomly selected to win an iPhone! Claim at bit.ly/claim-now
ham,"Ravi, do you want to grab coffee tomorrow?"
ham,"I'm running late, start without me."
ham,"Rahul, just checking in, how have you been?"
ham,Can you help me move some boxes this weekend?
ham,"John, can you pick up milk on your way home?"
ham,"Rahul, i watched that movie you recommended, it was great."
spam,URGENT! Your account has been suspended. Verify now at secure-verify.info to avoid deactivation.
ham,"Meera, the weather looks nice today, want to go for a walk?"
ham,Please send me the notes from today's class.
spam,URGENT! Your account has been suspended. Verify now at tinyurl.com/win-prize to avoid deactivation.
ham,"Priya, let's catch up this weekend, it's been a while."
spam,Your number has been randomly selected to win an iPhone! Claim at offer-link.co
ham,Can you help me move some boxes this weekend?
spam,"Earn Rs.1,00,000 per day working from home! No investment needed. Join now: offer-link.co"
ham,"Ravi, i finished the assignment, sending it to you now."
ham,"I'm running late, start without me."
ham,"I finished the assignment, sending it to you now."
spam,Congratulations! You have WON a holiday package worth Rs.10000. Click here to claim now: tinyurl.com/win-prize
ham,Don't forget the meeting tomorrow at 9am.
ham,The project deadline got extended to next Friday.
ham,Let me know once you land at the airport.
ham,"Ravi, please call me when you're free, nothing urgent."
ham,How was your exam? Hope it went well.
spam,Congrats! You are pre-approved for a credit card with Rs.10000 limit. Apply: secure-verify.info
ham,Congrats on the new job! So happy for you.
spam,Congratulations! You have WON a iPhone 15 worth Rs.2500. Click here to claim now: offer-link.co
ham,"Priya, i finished the assignment, sending it to you now."
ham,Great job on the presentation today!
ham,"I reached home safely, thanks for dropping me."
ham,Let me know once you land at the airport.
ham,"Rahul, let me know once you land at the airport."
spam,Congratulations! You have WON a laptop worth Rs.10000. Click here to claim now: get-reward.net
ham,Do you want to grab coffee tomorrow?
ham,"Meera, i watched that movie you recommended, it was great."
ham,I'll send the report by end of day.
spam,Hot singles in your area want to chat with you now! Click bit.ly/claim-now
ham,"Sara, i watched that movie you recommended, it was great."
ham,"Ravi, can you pick up milk on your way home?"
ham,How was your exam? Hope it went well.
ham,"Aman, thanks for helping me yesterday, really appreciate it."
ham,"Rahul, what time does the movie start tonight?"
spam,URGENT! Your account has been suspended. Verify now at secure-verify.info to avoid deactivation.
ham,Happy birthday! Hope you have a great day.
ham,"Ravi, see you at the gym at noon?"
ham,Do you want to grab coffee tomorrow?
ham,Can you help me move some boxes this weekend?
spam,You have an unclaimed refund of Rs.5000. Claim it now before it expires: offer-link.co
spam,You have been selected for a FREE gift voucher!! Call 09876543210 now to claim your prize.
ham,Mom said dinner will be ready by 6pm.
ham,See you at the gym at noon?
ham,"Aman, great job on the presentation today!"
spam,"Dear customer, your bank account will be blocked. Update KYC immediately: tinyurl.com/win-prize"
ham,"Ravi, i watched that movie you recommended, it was great."
ham,The project deadline got extended to next Friday.
spam,"Congrats! You are pre-approved for a credit card with Rs.1,00,000 limit. Apply: secure-verify.info"
spam,"Dear customer, your bank account will be blocked. Update KYC immediately: bit.ly/claim-now"
ham,Can you help me move some boxes this weekend?
ham,"Just checking in, how have you been?"
ham,Congrats on the new job! So happy for you.
spam,URGENT! Your account has been suspended. Verify now at get-reward.net to avoid deactivation.
ham,Can you send me your address again?
ham,"Ravi, i watched that movie you recommended, it was great."
ham,What time does the movie start tonight?
ham,What time does the movie start tonight?
ham,Do you want to grab coffee tomorrow?
ham,See you at the gym at 6pm?
ham,"Anjali, the weather looks nice today, want to go for a walk?"
ham,"John, i watched that movie you recommended, it was great."
ham,"Just checking in, how have you been?"
ham,Great job on the presentation today!
ham,"Aman, see you at the gym at noon?"
ham,"Ravi, i'm running late, start without me."
ham,"Aman, i reached home safely, thanks for dropping me."
ham,"Hey, are we still meeting at 7:15pm today?"
ham,"Thanks for helping me yesterday, really appreciate it."
ham,"Thanks for helping me yesterday, really appreciate it."
ham,Let me know once you land at the airport.
ham,Let me know once you land at the airport.
ham,See you at the gym at 8am?
ham,"Sara, i'll send the report by end of day."
ham,"Aman, i left my charger at your place, can I pick it up?"
ham,Congrats on the new job! So happy for you.
spam,Your mobile number has won 10000 in the lucky draw! Claim before it expires: bit.ly/claim-now
ham,"John, mom said dinner will be ready by 5pm."
ham,Let me know once you land at the airport.
ham,"Hey, are we still meeting at 9am today?"
ham,"Sara, don't forget the meeting tomorrow at noon."
ham,I'll send the report by end of day.
ham,"Thanks for helping me yesterday, really appreciate it."
ham,"I left my charger at your place, can I pick it up?"
ham,"I watched that movie you recommended, it was great."
ham,"I finished the assignment, sending it to you now."
ham,"Let's catch up this weekend, it's been a while."
ham,"The weather looks nice today, want to go for a walk?"
ham,Can we reschedule our call to 10:30am?
ham,What time does the movie start tonight?
ham,"Meera, i'll be there in 32 minutes, traffic is bad."
ham,"Let's catch up this weekend, it's been a while."
spam,WINNER!! As a valued customer you have won a gift voucher. Text WIN to 09876543210 to collect.
ham,"Rahul, what time does the movie start tonight?"
spam,Hot singles in your area want to chat with you now! Click offer-link.co
spam,URGENT! Your account has been suspended. Verify now at tinyurl.com/win-prize to avoid deactivation.
ham,Mom said dinner will be ready by noon.
spam,Your mobile number has won 2500 in the lucky draw! Claim before it expires: offer-link.co
ham,Can we reschedule our call to 5pm?
ham,Happy birthday! Hope you have a great day.
ham,Don't forget the meeting tomorrow at 6pm.
ham,Can you send me your address again?
ham,"Just checking in, how have you been?"
ham,What time does the movie start tonight?
ham,"Sara, i left my charger at your place, can I pick it up?"
spam,WINNER!! As a valued customer you have won a cash reward. Text WIN to 08001234567 to collect.
ham,"Sara, the project deadline got extended to next Monday."
ham,"Rahul, let me know once you land at the airport."
ham,Mom said dinner will be ready by 7:15pm.
ham,"Rahul, see you at the gym at 5pm?"
ham,I'll send the report by end of day.
ham,Can you pick up milk on your way home?
ham,"Aman, don't forget the meeting tomorrow at 10:30am."
ham,Congrats on the new job! So happy for you.
spam,FINAL NOTICE: Your subscription payment failed. Update details at offer-link.co immediately.
spam,You have been selected for a FREE cash reward!! Call 09876543210 now to claim your prize.
ham,"I finished the assignment, sending it to you now."
ham,"Anjali, let me know once you land at the airport."
ham,Let me know once you land at the airport.
ham,I'll send the report by end of day.
spam,Act now! Investment opportunity guaranteed to double your money in 20 days.
ham,"Meera, hey, are we still meeting at 7:15pm today?"
ham,Happy birthday! Hope you have a great day.
ham,"Aman, hey, are we still meeting at 5pm today?"
ham,"Sara, i left my charger at your place, can I pick it up?"
ham,Can you send me your address again?
spam,Your parcel could not be delivered. Pay Rs.10000 customs fee here: offer-link.co
spam,Your parcel could not be delivered. Pay Rs.50000 customs fee here: bit.ly/claim-now
ham,"Aman, let's catch up this weekend, it's been a while."
ham,"I watched that movie you recommended, it was great."
spam,You've been chosen to receive a free cash reward. Reply YES to claim your gift now.
ham,"I'm running late, start without me."
spam,You have an unclaimed refund of Rs.50000. Claim it now before it expires: secure-verify.info
spam,"Dear customer, your bank account will be blocked. Update KYC immediately: offer-link.co"
ham,"Sara, are you coming to the party on Saturday?"
ham,What time does the movie start tonight?
ham,"Meera, can you help me move some boxes this weekend?"
ham,"Please call me when you're free, nothing urgent."
ham,"Anjali, are you coming to the party on Saturday?"
ham,"Meera, please send me the notes from today's class."
ham,Congrats on the new job! So happy for you.
ham,Can you help me move some boxes this weekend?
ham,Can you help me move some boxes this weekend?
spam,Your mobile number has won 2500 in the lucky draw! Claim before it expires: offer-link.co
ham,"Ravi, i watched that movie you recommended, it was great."
ham,"The weather looks nice today, want to go for a walk?"
ham,"Thanks for helping me yesterday, really appreciate it."
spam,You've been chosen to receive a free smartwatch. Reply YES to claim your gift now.
ham,"Priya, please call me when you're free, nothing urgent."
ham,"I finished the assignment, sending it to you now."
ham,Great job on the presentation today!
ham,"The weather looks nice today, want to go for a walk?"
ham,Don't forget the meeting tomorrow at 5pm.
ham,"I'll be there in 7 minutes, traffic is bad."
ham,"Anjali, let's catch up this weekend, it's been a while."
spam,"Dear customer, your bank account will be blocked. Update KYC immediately: secure-verify.info"
ham,"I'm running late, start without me."
ham,The project deadline got extended to next Wednesday.
spam,"Cash prize of Rs.1,00,000 is waiting for you! Click offer-link.co to claim instantly."
spam,"Earn Rs.1,00,000 per day working from home! No investment needed. Join now: offer-link.co"
ham,Congrats on the new job! So happy for you.
ham,"I'm running late, start without me."
ham,"Aman, i'll be there in 18 minutes, traffic is bad."
spam,Hot singles in your area want to chat with you now! Click tinyurl.com/win-prize
ham,"Hey, are we still meeting at noon today?"
ham,"Please call me when you're free, nothing urgent."
ham,Do you want to grab coffee tomorrow?
spam,Get a loan of Rs.10000 instantly with ZERO paperwork. Apply now: bit.ly/claim-now
ham,Don't forget the meeting tomorrow at 7:15pm.
ham,Don't forget the meeting tomorrow at 8am.
ham,Do you want to grab coffee tomorrow?
ham,The project deadline got extended to next Wednesday.
ham,Do you want to grab coffee tomorrow?
spam,Congrats! You are pre-approved for a credit card with Rs.50000 limit. Apply: get-reward.net
spam,URGENT! Your account has been suspended. Verify now at get-reward.net to avoid deactivation.
ham,Do you want to grab coffee tomorrow?
ham,Congrats on the new job! So happy for you.
ham,"Sara, can we reschedule our call to noon?"
spam,You have been selected for a FREE iPhone 15!! Call 08001234567 now to claim your prize.
ham,The project deadline got extended to next Friday.
ham,"I'm running late, start without me."
spam,"Dear customer, your bank account will be blocked. Update KYC immediately: bit.ly/claim-now"
ham,Can we reschedule our call to 10:30am?
ham,Can you pick up milk on your way home?
ham,"Rahul, don't forget the meeting tomorrow at 6pm."
ham,Let me know once you land at the airport.
spam,Earn Rs.10000 per day working from home! No investment needed. Join now: offer-link.co
ham,Don't forget the meeting tomorrow at 6pm.
ham,Don't forget the meeting tomorrow at 5pm.
ham,"Meera, please send me the notes from today's class."
ham,"I'm running late, start without me."
ham,"Please call me when you're free, nothing urgent."
ham,"Priya, what time does the movie start tonight?"
ham,"I reached home safely, thanks for dropping me."
ham,Can we reschedule our call to 8am?
ham,"Hey, are we still meeting at 9am today?"
ham,"Aman, i'm running late, start without me."
ham,Happy birthday! Hope you have a great day.
ham,Congrats on the new job! So happy for you.
ham,"Sara, i'll be there in 14 minutes, traffic is bad."
ham,Please send me the notes from today's class.
ham,"I reached home safely, thanks for dropping me."
spam,"Click here for a FREE iPhone 15 + free shipping, limited stock available: offer-link.co"
spam,Your mobile number has won 50000 in the lucky draw! Claim before it expires: bit.ly/claim-now
spam,Cash prize of Rs.5000 is waiting for you! Click bit.ly/claim-now to claim instantly.
ham,I'll send the report by end of day.
ham,Mom said dinner will be ready by 9am.
ham,Let me know once you land at the airport.
ham,"Thanks for helping me yesterday, really appreciate it."
spam,Your mobile number has won 50000 in the lucky draw! Claim before it expires: tinyurl.com/win-prize
ham,Mom said dinner will be ready by noon.
ham,"John, the weather looks nice today, want to go for a walk?"
ham,"Rahul, let me know once you land at the airport."
ham,"Ravi, great job on the presentation today!"
ham,The project deadline got extended to next Wednesday.
ham,See you at the gym at 9am?
ham,"Priya, happy birthday! Hope you have a great day."
ham,"Meera, great job on the presentation today!"
ham,Let me know once you land at the airport.
ham,Can we reschedule our call to 9am?
ham,"Sara, happy birthday! Hope you have a great day."
ham,"Thanks for helping me yesterday, really appreciate it."
ham,"The weather looks nice today, want to go for a walk?"
ham,"Ravi, i watched that movie you recommended, it was great."
ham,"Please call me when you're free, nothing urgent."
ham,"Meera, i watched that movie you recommended, it was great."
ham,Can you help me move some boxes this weekend?
ham,See you at the gym at 8am?
ham,"Rahul, i finished the assignment, sending it to you now."
ham,"Sara, can you send me your address again?"
ham,Do you want to grab coffee tomorrow?
ham,"I'm running late, start without me."
ham,"Thanks for helping me yesterday, really appreciate it."
ham,"Priya, what time does the movie start tonight?"
ham,"I'll be there in 12 minutes, traffic is bad."
ham,"Anjali, i reached home safely, thanks for dropping me."
ham,"Meera, i finished the assignment, sending it to you now."
ham,Can we reschedule our call to 9am?
ham,"Thanks for helping me yesterday, really appreciate it."
ham,"I reached home safely, thanks for dropping me."
ham,The project deadline got extended to next Friday.
ham,Are you coming to the party on Saturday?
ham,Please send me the notes from today's class.
spam,Limited time offer! Get 90% off on all products. Shop now: secure-verify.info
ham,"Aman, what time does the movie start tonight?"
ham,What time does the movie start tonight?
ham,"Hey, are we still meeting at 9am today?"
ham,"Meera, can we reschedule our call to 10:30am?"
ham,"Aman, happy birthday! Hope you have a great day."
ham,"I watched that movie you recommended, it was great."
ham,Can you send me your address again?
ham,"John, just checking in, how have you been?"
ham,I'll send the report by end of day.
ham,"Ravi, can you pick up milk on your way home?"
ham,Can you pick up milk on your way home?
ham,"Just checking in, how have you been?"
ham,Can we reschedule our call to 5pm?
ham,"Hey, are we still meeting at 9am today?"
ham,"Aman, just checking in, how have you been?"
ham,How was your exam? Hope it went well.
ham,I'll send the report by end of day.
spam,Cash prize of Rs.50000 is waiting for you! Click get-reward.net to claim instantly.
ham,"Meera, great job on the presentation today!"
ham,What time does the movie start tonight?
ham,Please send me the notes from today's class.
spam,Congratulations! You have WON a gift voucher worth Rs.2500. Click here to claim now: secure-verify.info
ham,"I watched that movie you recommended, it was great."
ham,"Anjali, the project deadline got extended to next Friday."
ham,"Rahul, just checking in, how have you been?"
ham,Can we reschedule our call to 8am?
spam,Cash prize of Rs.2500 is waiting for you! Click secure-verify.info to claim instantly.
ham,Great job on the presentation today!
spam,Limited time offer! Get 70% off on all products. Shop now: get-reward.net
ham,"I left my charger at your place, can I pick it up?"
ham,"I finished the assignment, sending it to you now."
ham,Mom said dinner will be ready by 6pm.
ham,"I reached home safely, thanks for dropping me."
ham,Can we reschedule our call to 6pm?
ham,"I finished the assignment, sending it to you now."
ham,"I finished the assignment, sending it to you now."
ham,"I'll be there in 35 minutes, traffic is bad."
ham,Are you coming to the party on Saturday?
ham,Don't forget the meeting tomorrow at 10:30am.
ham,Do you want to grab coffee tomorrow?
ham,Great job on the presentation today!
ham,"Hey, are we still meeting at 10:30am today?"
ham,"I watched that movie you recommended, it was great."
ham,"Rahul, the weather looks nice today, want to go for a walk?"
spam,You have been selected for a FREE holiday package!! Call 08001234567 now to claim your prize.
ham,Let me know once you land at the airport.
ham,"I finished the assignment, sending it to you now."
spam,FREE entry into our 5000 weekly prize draw just by texting WIN to 09876543210.
ham,I'll send the report by end of day.
ham,Please send me the notes from today's class.
ham,"John, let's catch up this weekend, it's been a while."
ham,Can you send me your address again?
ham,"Let's catch up this weekend, it's been a while."
ham,"Rahul, hey, are we still meeting at 6pm today?"
ham,Let me know once you land at the airport.
ham,"Ravi, congrats on the new job! So happy for you."
ham,"I finished the assignment, sending it to you now."
spam,Act now! Investment opportunity guaranteed to double your money in 25 days.
ham,"Aman, i reached home safely, thanks for dropping me."
ham,"Aman, mom said dinner will be ready by 7:15pm."
spam,FREE entry into our 10000 weekly prize draw just by texting WIN to 09876543210.
ham,"Aman, happy birthday! Hope you have a great day."
ham,"Aman, can you pick up milk on your way home?"
ham,Congrats on the new job! So happy for you.
ham,"Priya, don't forget the meeting tomorrow at 6pm."
ham,"John, great job on the presentation today!"
spam,Limited time offer! Get 90% off on all products. Shop now: get-reward.net
ham,"Just checking in, how have you been?"
ham,Great job on the presentation today!
ham,Can we reschedule our call to noon?
spam,Earn Rs.10000 per day working from home! No investment needed. Join now: secure-verify.info
ham,Do you want to grab coffee tomorrow?
ham,Can you help me move some boxes this weekend?
spam,FINAL NOTICE: Your subscription payment failed. Update details at secure-verify.info immediately.
ham,"Meera, great job on the presentation today!"
ham,"Priya, i watched that movie you recommended, it was great."
ham,"John, don't forget the meeting tomorrow at 9am."
ham,How was your exam? Hope it went well.
ham,"Sara, i left my charger at your place, can I pick it up?"
ham,"Ravi, can you pick up milk on your way home?"
ham,"John, how was your exam? Hope it went well."
ham,"John, i finished the assignment, sending it to you now."
ham,"Rahul, can you help me move some boxes this weekend?"
ham,"I left my charger at your place, can I pick it up?"
spam,Act now! Investment opportunity guaranteed to double your money in 31 days.
ham,I'll send the report by end of day.
ham,"Let's catch up this weekend, it's been a while."
ham,Can you send me your address again?
ham,Let me know once you land at the airport.
ham,Happy birthday! Hope you have a great day.
ham,"Aman, can you help me move some boxes this weekend?"
ham,Congrats on the new job! So happy for you.
spam,Your number has been randomly selected to win an iPhone! Claim at bit.ly/claim-now
ham,Happy birthday! Hope you have a great day.
ham,"Sara, can you send me your address again?"
spam,Earn Rs.5000 per day working from home! No investment needed. Join now: tinyurl.com/win-prize
ham,"I finished the assignment, sending it to you now."
ham,"Thanks for helping me yesterday, really appreciate it."
ham,"I'll be there in 44 minutes, traffic is bad."
ham,"I finished the assignment, sending it to you now."
ham,Do you want to grab coffee tomorrow?
ham,Mom said dinner will be ready by noon.
spam,Cash prize of Rs.10000 is waiting for you! Click offer-link.co to claim instantly.
spam,Congratulations! You have WON a holiday package worth Rs.5000. Click here to claim now: bit.ly/claim-now
ham,"Meera, i reached home safely, thanks for dropping me."
spam,WINNER!! As a valued customer you have won a cash reward. Text WIN to 09876543210 to collect.
ham,Great job on the presentation today!
spam,Earn Rs.2500 per day working from home! No investment needed. Join now: get-reward.net
ham,"John, can you send me your address again?"
ham,"Hey, are we still meeting at 5pm today?"
spam,"Dear customer, your bank account will be blocked. Update KYC immediately: get-reward.net"
ham,"Aman, happy birthday! Hope you have a great day."
ham,Can you help me move some boxes this weekend?
ham,"John, happy birthday! Hope you have a great day."
ham,"Anjali, i watched that movie you recommended, it was great."
spam,Cash prize of Rs.10000 is waiting for you! Click get-reward.net to claim instantly.
ham,Mom said dinner will be ready by 10:30am.
spam,You have an unclaimed refund of Rs.10000. Claim it now before it expires: tinyurl.com/win-prize
ham,"Priya, what time does the movie start tonight?"
ham,I'll send the report by end of day.
spam,Your parcel could not be delivered. Pay Rs.2500 customs fee here: get-reward.net
ham,"I watched that movie you recommended, it was great."
ham,"John, congrats on the new job! So happy for you."
ham,"The weather looks nice today, want to go for a walk?"
ham,"Meera, are you coming to the party on Saturday?"
ham,"Priya, can we reschedule our call to 10:30am?"
ham,"Anjali, don't forget the meeting tomorrow at noon."
ham,Happy birthday! Hope you have a great day.
ham,"I'm running late, start without me."
ham,"The weather looks nice today, want to go for a walk?"
ham,"John, how was your exam? Hope it went well."
spam,Earn Rs.10000 per day working from home! No investment needed. Join now: offer-link.co
ham,"Aman, do you want to grab coffee tomorrow?"
ham,"Sara, what time does the movie start tonight?"
ham,"Ravi, thanks for helping me yesterday, really appreciate it."
ham,"Aman, what time does the movie start tonight?"
ham,"Priya, please send me the notes from today's class."
ham,Mom said dinner will be ready by 10:30am.
ham,"Anjali, can we reschedule our call to 5pm?"
ham,"Meera, please call me when you're free, nothing urgent."
ham,"Let's catch up this weekend, it's been a while."
ham,See you at the gym at 6pm?
ham,"Meera, i left my charger at your place, can I pick it up?"
ham,Please send me the notes from today's class.
ham,"I finished the assignment, sending it to you now."
spam,Act now! Investment opportunity guaranteed to double your money in 11 days.
ham,"Rahul, please send me the notes from today's class."
ham,Don't forget the meeting tomorrow at 10:30am.
ham,"The weather looks nice today, want to go for a walk?"
ham,Can you help me move some boxes this weekend?
ham,"Just checking in, how have you been?"
ham,"Just checking in, how have you been?"
spam,Hot singles in your area want to chat with you now! Click secure-verify.info
ham,"Let's catch up this weekend, it's been a while."
ham,Are you coming to the party on Saturday?
spam,Congratulations! You have WON a gift voucher worth Rs.50000. Click here to claim now: get-reward.net
ham,"Please call me when you're free, nothing urgent."
ham,"Thanks for helping me yesterday, really appreciate it."
ham,"Meera, can you send me your address again?"
ham,I'll send the report by end of day.
ham,Are you coming to the party on Saturday?
ham,Can you send me your address again?
ham,"Just checking in, how have you been?"
ham,"Anjali, don't forget the meeting tomorrow at 5pm."
ham,"Meera, let's catch up this weekend, it's been a while."
spam,FINAL NOTICE: Your subscription payment failed. Update details at bit.ly/claim-now immediately.
ham,"Ravi, mom said dinner will be ready by 10:30am."
ham,Please send me the notes from today's class.
ham,Mom said dinner will be ready by noon.
spam,You have an unclaimed refund of Rs.2500. Claim it now before it expires: get-reward.net
ham,Don't forget the meeting tomorrow at 7:15pm.
ham,Please send me the notes from today's class.
ham,Great job on the presentation today!
ham,"Meera, can you pick up milk on your way home?"
ham,Let me know once you land at the airport.
ham,"I reached home safely, thanks for dropping me."
ham,Can we reschedule our call to 8am?
ham,"John, i'll send the report by end of day."
ham,Congrats on the new job! So happy for you.
ham,How was your exam? Hope it went well.
spam,Your parcel could not be delivered. Pay Rs.50000 customs fee here: bit.ly/claim-now
ham,"I watched that movie you recommended, it was great."
ham,"Priya, let's catch up this weekend, it's been a while."
ham,Can you pick up milk on your way home?
ham,"Just checking in, how have you been?"
ham,"Aman, i'll be there in 43 minutes, traffic is bad."
ham,"Aman, can you help me move some boxes this weekend?"
ham,"Thanks for helping me yesterday, really appreciate it."
ham,"Ravi, the weather looks nice today, want to go for a walk?"
ham,"Rahul, thanks for helping me yesterday, really appreciate it."
spam,"Dear customer, your bank account will be blocked. Update KYC immediately: offer-link.co"
ham,Can you pick up milk on your way home?
spam,"Dear customer, your bank account will be blocked. Update KYC immediately: secure-verify.info"
ham,How was your exam? Hope it went well.
ham,"I'm running late, start without me."
ham,I'll send the report by end of day.
spam,Cash prize of Rs.5000 is waiting for you! Click bit.ly/claim-now to claim instantly.
ham,"I watched that movie you recommended, it was great."
spam,Earn Rs.5000 per day working from home! No investment needed. Join now: secure-verify.info
ham,"Rahul, can we reschedule our call to 7:15pm?"
ham,"Priya, i left my charger at your place, can I pick it up?"
ham,Happy birthday! Hope you have a great day.
ham,The project deadline got extended to next Monday.
ham,"Rahul, see you at the gym at noon?"
spam,URGENT! Your account has been suspended. Verify now at secure-verify.info to avoid deactivation.
ham,Can you help me move some boxes this weekend?
ham,"Anjali, let's catch up this weekend, it's been a while."
ham,Don't forget the meeting tomorrow at 8am.
ham,"Thanks for helping me yesterday, really appreciate it."
spam,Congratulations! You have WON a cash reward worth Rs.50000. Click here to claim now: secure-verify.info
ham,Do you want to grab coffee tomorrow?
ham,What time does the movie start tonight?
ham,What time does the movie start tonight?
ham,Mom said dinner will be ready by 10:30am.
ham,Can you pick up milk on your way home?
ham,Can you send me your address again?
ham,How was your exam? Hope it went well.
ham,"Rahul, happy birthday! Hope you have a great day."
ham,"I'm running late, start without me."
ham,The project deadline got extended to next Monday.
ham,Can we reschedule our call to 8am?
ham,"Rahul, i left my charger at your place, can I pick it up?"
ham,"Priya, i'll be there in 7 minutes, traffic is bad."
ham,"Meera, please call me when you're free, nothing urgent."
ham,"I'll be there in 32 minutes, traffic is bad."
ham,"Hey, are we still meeting at 9am today?"
ham,Great job on the presentation today!
ham,"Please call me when you're free, nothing urgent."
ham,Can you send me your address again?
ham,Are you coming to the party on Saturday?
ham,Great job on the presentation today!
spam,You have been selected for a FREE cash reward!! Call 09876543210 now to claim your prize.
ham,"The weather looks nice today, want to go for a walk?"
ham,"Ravi, see you at the gym at 10:30am?"
ham,"The weather looks nice today, want to go for a walk?"
ham,"I finished the assignment, sending it to you now."
ham,Please send me the notes from today's class.
ham,Let me know once you land at the airport.
ham,"Let's catch up this weekend, it's been a while."
ham,Are you coming to the party on Saturday?
ham,"Ravi, do you want to grab coffee tomorrow?"
ham,"Aman, i'm running late, start without me."
ham,Mom said dinner will be ready by 9am.
ham,"I'll be there in 36 minutes, traffic is bad."
ham,"Meera, the project deadline got extended to next Monday."
ham,How was your exam? Hope it went well.
ham,"Aman, are you coming to the party on Saturday?"
ham,"Ravi, what time does the movie start tonight?"
ham,Please send me the notes from today's class.
spam,Your parcel could not be delivered. Pay Rs.50000 customs fee here: bit.ly/claim-now
ham,What time does the movie start tonight?
spam,Hot singles in your area want to chat with you now! Click bit.ly/claim-now
ham,"Hey, are we still meeting at 10:30am today?"
ham,The project deadline got extended to next Monday.
ham,"Meera, i'll send the report by end of day."
ham,Can you send me your address again?
ham,How was your exam? Hope it went well.
ham,"I finished the assignment, sending it to you now."
ham,"I'll be there in 19 minutes, traffic is bad."
ham,"Let's catch up this weekend, it's been a while."
spam,"Click here for a FREE iPhone 15 + free shipping, limited stock available: bit.ly/claim-now"
spam,Earn Rs.2500 per day working from home! No investment needed. Join now: secure-verify.info
ham,"Rahul, the weather looks nice today, want to go for a walk?"
ham,See you at the gym at 6pm?
ham,"John, let me know once you land at the airport."
ham,"I'm running late, start without me."
spam,Your number has been randomly selected to win an iPhone! Claim at secure-verify.info
ham,"I'm running late, start without me."
ham,"I reached home safely, thanks for dropping me."
ham,"Rahul, let's catch up this weekend, it's been a while."
ham,"The weather looks nice today, want to go for a walk?"
ham,"Please call me when you're free, nothing urgent."
ham,"Meera, i reached home safely, thanks for dropping me."
ham,Do you want to grab coffee tomorrow?
ham,"Aman, hey, are we still meeting at 5pm today?"
ham,"Priya, the weather looks nice today, want to go for a walk?"
ham,"John, thanks for helping me yesterday, really appreciate it."
ham,"Please call me when you're free, nothing urgent."
spam,Your mobile number has won 50000 in the lucky draw! Claim before it expires: bit.ly/claim-now
spam,Congrats! You are pre-approved for a credit card with Rs.10000 limit. Apply: offer-link.co
ham,Congrats on the new job! So happy for you.
ham,Mom said dinner will be ready by 7:15pm.
ham,"Let's catch up this weekend, it's been a while."
ham,The project deadline got extended to next Friday.
spam,You have been selected for a FREE laptop!! Call 09876543210 now to claim your prize.
spam,FREE entry into our 10000 weekly prize draw just by texting WIN to 08001234567.
ham,Please send me the notes from today's class.
spam,"Dear customer, your bank account will be blocked. Update KYC immediately: offer-link.co"
ham,Can you pick up milk on your way home?
ham,"Rahul, i'll send the report by end of day."
spam,"Dear customer, your bank account will be blocked. Update KYC immediately: tinyurl.com/win-prize"
ham,Do you want to grab coffee tomorrow?
ham,"John, mom said dinner will be ready by 8am."
ham,How was your exam? Hope it went well.
ham,"Ravi, i left my charger at your place, can I pick it up?"
ham,What time does the movie start tonight?
ham,"The weather looks nice today, want to go for a walk?"
ham,"I'm running late, start without me."
ham,Can you help me move some boxes this weekend?
ham,Congrats on the new job! So happy for you.
ham,"Ravi, how was your exam? Hope it went well."
ham,"I'm running late, start without me."
ham,"I finished the assignment, sending it to you now."
ham,"Priya, i'm running late, start without me."
ham,"Ravi, i'll send the report by end of day."
ham,"Rahul, don't forget the meeting tomorrow at 9am."
ham,"I watched that movie you recommended, it was great."
ham,"Priya, happy birthday! Hope you have a great day."
ham,"Ravi, i'll send the report by end of day."
ham,Can you pick up milk on your way home?
ham,Can you send me your address again?
ham,"Sara, happy birthday! Hope you have a great day."
ham,Don't forget the meeting tomorrow at 9am.
ham,"I left my charger at your place, can I pick it up?"
spam,Your mobile number has won 50000 in the lucky draw! Claim before it expires: secure-verify.info
ham,Can you help me move some boxes this weekend?
ham,Mom said dinner will be ready by 9am.
spam,"Dear customer, your bank account will be blocked. Update KYC immediately: get-reward.net"
ham,"I'm running late, start without me."
ham,"Thanks for helping me yesterday, really appreciate it."
ham,"Please call me when you're free, nothing urgent."
ham,"Please call me when you're free, nothing urgent."
ham,Do you want to grab coffee tomorrow?
ham,"Meera, mom said dinner will be ready by 5pm."
spam,Hot singles in your area want to chat with you now! Click tinyurl.com/win-prize
ham,"Priya, can you help me move some boxes this weekend?"
ham,Don't forget the meeting tomorrow at 6pm.
ham,"Priya, i'll send the report by end of day."
